name,parent,song
Origin,
20210401,Origin,
20210402,Origin,
20210403,Origin,
20210404,Origin,
20210405,Origin,
20210406,Origin,
20210407,Origin,
20210408,Origin,
20210409,Origin,
20210410,Origin,
20210411,Origin,
20210412,Origin,
20210413,Origin,
20210414,Origin,
20210415,Origin,
20210416,Origin,
20210417,Origin,
20210418,Origin,
20210419,Origin,
20210420,Origin,
20210421,Origin,
20210422,Origin,
20210423,Origin,
20210424,Origin,
20210425,Origin,
20210426,Origin,
20210427,Origin,
20210428,Origin,
20210429,Origin,
20210430,Origin,
2876593,20210401,Levitating (feat. DaBaby) by Dua Lipa
2915111,20210402,Levitating (feat. DaBaby) by Dua Lipa
2965788,20210403,Levitating (feat. DaBaby) by Dua Lipa
2683854,20210404,Levitating (feat. DaBaby) by Dua Lipa
2863707,20210405,Levitating (feat. DaBaby) by Dua Lipa
2982183,20210406,Levitating (feat. DaBaby) by Dua Lipa
3012874,20210407,Levitating (feat. DaBaby) by Dua Lipa
3031890,20210408,Levitating (feat. DaBaby) by Dua Lipa
3127674,20210409,Levitating (feat. DaBaby) by Dua Lipa
3092395,20210410,Levitating (feat. DaBaby) by Dua Lipa
2698955,20210411,Levitating (feat. DaBaby) by Dua Lipa
2963786,20210412,Levitating (feat. DaBaby) by Dua Lipa
3062276,20210413,Levitating (feat. DaBaby) by Dua Lipa
3199575,20210414,Levitating (feat. DaBaby) by Dua Lipa
3468047,20210415,Levitating (feat. DaBaby) by Dua Lipa
3749182,20210416,Levitating (feat. DaBaby) by Dua Lipa
3754126,20210417,Levitating (feat. DaBaby) by Dua Lipa
3290538,20210418,Levitating (feat. DaBaby) by Dua Lipa
3508589,20210419,Levitating (feat. DaBaby) by Dua Lipa
3591591,20210420,Levitating (feat. DaBaby) by Dua Lipa
3623856,20210421,Levitating (feat. DaBaby) by Dua Lipa
3705009,20210422,Levitating (feat. DaBaby) by Dua Lipa
4012448,20210423,Levitating (feat. DaBaby) by Dua Lipa
4104596,20210424,Levitating (feat. DaBaby) by Dua Lipa
3547865,20210425,Levitating (feat. DaBaby) by Dua Lipa
3748854,20210426,Levitating (feat. DaBaby) by Dua Lipa
3832671,20210427,Levitating (feat. DaBaby) by Dua Lipa
3856278,20210428,Levitating (feat. DaBaby) by Dua Lipa
3882338,20210429,Levitating (feat. DaBaby) by Dua Lipa
4371133,20210430,Levitating (feat. DaBaby) by Dua Lipa
3401003,20210401,Leave The Door Open by Bruno Mars Anderson .Paak Silk Sonic
3353005,20210402,Leave The Door Open by Bruno Mars Anderson .Paak Silk Sonic
3465392,20210403,Leave The Door Open by Bruno Mars Anderson .Paak Silk Sonic
3196333,20210404,Leave The Door Open by Bruno Mars Anderson .Paak Silk Sonic
3387753,20210405,Leave The Door Open by Bruno Mars Anderson .Paak Silk Sonic
3471548,20210406,Leave The Door Open by Bruno Mars Anderson .Paak Silk Sonic
3494531,20210407,Leave The Door Open by Bruno Mars Anderson .Paak Silk Sonic
3563382,20210408,Leave The Door Open by Bruno Mars Anderson .Paak Silk Sonic
3670260,20210409,Leave The Door Open by Bruno Mars Anderson .Paak Silk Sonic
3615273,20210410,Leave The Door Open by Bruno Mars Anderson .Paak Silk Sonic
3236348,20210411,Leave The Door Open by Bruno Mars Anderson .Paak Silk Sonic
3441106,20210412,Leave The Door Open by Bruno Mars Anderson .Paak Silk Sonic
3500924,20210413,Leave The Door Open by Bruno Mars Anderson .Paak Silk Sonic
3533904,20210414,Leave The Door Open by Bruno Mars Anderson .Paak Silk Sonic
3593664,20210415,Leave The Door Open by Bruno Mars Anderson .Paak Silk Sonic
3790521,20210416,Leave The Door Open by Bruno Mars Anderson .Paak Silk Sonic
3761274,20210417,Leave The Door Open by Bruno Mars Anderson .Paak Silk Sonic
3365173,20210418,Leave The Door Open by Bruno Mars Anderson .Paak Silk Sonic
3548446,20210419,Leave The Door Open by Bruno Mars Anderson .Paak Silk Sonic
3583393,20210420,Leave The Door Open by Bruno Mars Anderson .Paak Silk Sonic
3561205,20210421,Leave The Door Open by Bruno Mars Anderson .Paak Silk Sonic
3612778,20210422,Leave The Door Open by Bruno Mars Anderson .Paak Silk Sonic
3891641,20210423,Leave The Door Open by Bruno Mars Anderson .Paak Silk Sonic
3916811,20210424,Leave The Door Open by Bruno Mars Anderson .Paak Silk Sonic
3440900,20210425,Leave The Door Open by Bruno Mars Anderson .Paak Silk Sonic
3632519,20210426,Leave The Door Open by Bruno Mars Anderson .Paak Silk Sonic
3694453,20210427,Leave The Door Open by Bruno Mars Anderson .Paak Silk Sonic
3703357,20210428,Leave The Door Open by Bruno Mars Anderson .Paak Silk Sonic
3745593,20210429,Leave The Door Open by Bruno Mars Anderson .Paak Silk Sonic
3931158,20210430,Leave The Door Open by Bruno Mars Anderson .Paak Silk Sonic
7540770,20210401,Peaches (feat. Daniel Caesar & Giveon) by Justin Bieber
7638571,20210402,Peaches (feat. Daniel Caesar & Giveon) by Justin Bieber
7627275,20210403,Peaches (feat. Daniel Caesar & Giveon) by Justin Bieber
6931781,20210404,Peaches (feat. Daniel Caesar & Giveon) by Justin Bieber
7313467,20210405,Peaches (feat. Daniel Caesar & Giveon) by Justin Bieber
7614056,20210406,Peaches (feat. Daniel Caesar & Giveon) by Justin Bieber
7591462,20210407,Peaches (feat. Daniel Caesar & Giveon) by Justin Bieber
7640515,20210408,Peaches (feat. Daniel Caesar & Giveon) by Justin Bieber
8020169,20210409,Peaches (feat. Daniel Caesar & Giveon) by Justin Bieber
7843885,20210410,Peaches (feat. Daniel Caesar & Giveon) by Justin Bieber
6814173,20210411,Peaches (feat. Daniel Caesar & Giveon) by Justin Bieber
7180892,20210412,Peaches (feat. Daniel Caesar & Giveon) by Justin Bieber
7136440,20210413,Peaches (feat. Daniel Caesar & Giveon) by Justin Bieber
7078626,20210414,Peaches (feat. Daniel Caesar & Giveon) by Justin Bieber
7085358,20210415,Peaches (feat. Daniel Caesar & Giveon) by Justin Bieber
7502447,20210416,Peaches (feat. Daniel Caesar & Giveon) by Justin Bieber
7457305,20210417,Peaches (feat. Daniel Caesar & Giveon) by Justin Bieber
6449363,20210418,Peaches (feat. Daniel Caesar & Giveon) by Justin Bieber
6700645,20210419,Peaches (feat. Daniel Caesar & Giveon) by Justin Bieber
6721212,20210420,Peaches (feat. Daniel Caesar & Giveon) by Justin Bieber
6533605,20210421,Peaches (feat. Daniel Caesar & Giveon) by Justin Bieber
6500585,20210422,Peaches (feat. Daniel Caesar & Giveon) by Justin Bieber
7016883,20210423,Peaches (feat. Daniel Caesar & Giveon) by Justin Bieber
7036818,20210424,Peaches (feat. Daniel Caesar & Giveon) by Justin Bieber
5945783,20210425,Peaches (feat. Daniel Caesar & Giveon) by Justin Bieber
6164032,20210426,Peaches (feat. Daniel Caesar & Giveon) by Justin Bieber
6156984,20210427,Peaches (feat. Daniel Caesar & Giveon) by Justin Bieber
6072231,20210428,Peaches (feat. Daniel Caesar & Giveon) by Justin Bieber
6004467,20210429,Peaches (feat. Daniel Caesar & Giveon) by Justin Bieber
6537850,20210430,Peaches (feat. Daniel Caesar & Giveon) by Justin Bieber